ID Ngu?i,Tên,B? ph?n,Th?i gian,Tình tr?ng chuyên c?n,Ði?m ki?m tra ch?m công.,Tên tùy ch?nh,Ngu?n d? li?u,Lo?i x? lý,Nhi?t d?,B?t thu?ng
'4,HONG CHOI VAN,New Organization,2026-10-01 07:59:38,Không có,CHAMCONG_Door1_Entrance Card Reader1,-,Nh?t ký qu?t th?,-,-,-
'4,HONG CHOI VAN,New Organization,2026-10-01 07:59:39,Không có,CHAMCONG_Door1_Entrance Card Reader1,-,Nh?t ký qu?t th?,-,-,-
'6,CHAU VAN LUAN,New Organization,2026-10-01 06:34:29,Không có,CHAMCONG_Door1_Entrance Card Reader1,-,Nh?t ký qu?t th?,-,-,-
'7,CAO LUU THIEN BAO,New Organization,2026-10-01 06:58:36,Không có,CHAMCONG_Door1_Entrance Card Reader1,-,Nh?t ký qu?t th?,-,-,-
'7,CAO LUU THIEN BAO,New Organization,2026-10-01 06:58:38,Không có,CHAMCONG_Door1_Entrance Card Reader1,-,Nh?t ký qu?t th?,-,-,-
'8,DANG KHOI NGOI,New Organization,2026-10-01 06:47:10,Không có,CHAMCONG_Door1_Entrance Card Reader1,-,Nh?t ký qu?t th?,-,-,-
'8,DANG KHOI NGOI,New Organization,2026-10-01 06:47:11,Không có,CHAMCONG_Door1_Entrance Card Reader1,-,Nh?t ký qu?t th?,-,-,-
'9,TRAN THI THUY NGUYEN,New Organization,2026-10-01 07:52:40,Không có,CHAMCONG_Door1_Entrance Card Reader1,-,Nh?t ký qu?t th?,-,-,-
'11,PHAN THI MY TIEN,New Organization,2026-10-01 05:30:36,Không có,CHAMCONG_Door1_Entrance Card Reader1,-,Nh?t ký qu?t th?,-,-,-
'14,NGUYEN THI HANG,New Organization,2026-10-01 06:50:57,Không có,CHAMCONG_Door1_Entrance Card Reader1,-,Nh?t ký qu?t th?,-,-,-
'14,NGUYEN THI HANG,New Organization,2026-10-01 06:50:58,Không có,CHAMCONG_Door1_Entrance Card Reader1,-,Nh?t ký qu?t th?,-,-,-
'14,NGUYEN THI HANG,New Organization,2026-10-01 06:50:59,Không có,CHAMCONG_Door1_Entrance Card Reader1,-,Nh?t ký qu?t th?,-,-,-
'14,NGUYEN THI HANG,New Organization,2026-10-01 06:51:00,Không có,CHAMCONG_Door1_Entrance Card Reader1,-,Nh?t ký qu?t th?,-,-,-
'18,NGUYEN THIEN NHAN,New Organization,2026-10-01 07:59:27,Không có,CHAMCONG_Door1_Entrance Card Reader1,-,Nh?t ký qu?t th?,-,-,-
'18,NGUYEN THIEN NHAN,New Organization,2026-10-01 07:59:28,Không có,CHAMCONG_Door1_Entrance Card Reader1,-,Nh?t ký qu?t th?,-,-,-
'19,PHAN DUY TAN,New Organization,2026-10-01 05:42:52,Không có,CHAMCONG_Door1_Entrance Card Reader1,-,Nh?t ký qu?t th?,-,-,-
'19,PHAN DUY TAN,New Organization,2026-10-01 05:42:53,Không có,CHAMCONG_Door1_Entrance Card Reader1,-,Nh?t ký qu?t th?,-,-,-
'19,PHAN DUY TAN,New Organization,2026-10-01 05:42:54,Không có,CHAMCONG_Door1_Entrance Card Reader1,-,Nh?t ký qu?t th?,-,-,-
'20,LE THI HONG HANH,New Organization,2026-10-01 06:50:14,Không có,CHAMCONG_Door1_Entrance Card Reader1,-,Nh?t ký qu?t th?,-,-,-
'20,LE THI HONG HANH,New Organization,2026-10-01 06:50:16,Không có,CHAMCONG_Door1_Entrance Card Reader1,-,Nh?t ký qu?t th?,-,-,-
'20,LE THI HONG HANH,New Organization,2026-10-01 06:50:17,Không có,CHAMCONG_Door1_Entrance Card Reader1,-,Nh?t ký qu?t th?,-,-,-
'22,NGUYEN VAN SACH,New Organization,2026-10-01 07:22:53,Không có,CHAMCONG_Door1_Entrance Card Reader1,-,Nh?t ký qu?t th?,-,-,-
'22,NGUYEN VAN SACH,New Organization,2026-10-01 07:22:54,Không có,CHAMCONG_Door1_Entrance Card Reader1,-,Nh?t ký qu?t th?,-,-,-
'23,LE HOANG KEO,New Organization,2026-10-01 06:44:20,Không có,CHAMCONG_Door1_Entrance Card Reader1,-,Nh?t ký qu?t th?,-,-,-
'23,LE HOANG KEO,New Organization,2026-10-01 06:44:22,Không có,CHAMCONG_Door1_Entrance Card Reader1,-,Nh?t ký qu?t th?,-,-,-
'23,LE HOANG KEO,New Organization,2026-10-01 06:44:23,Không có,CHAMCONG_Door1_Entrance Card Reader1,-,Nh?t ký qu?t th?,-,-,-
'25,HOANG THI TAN,New Organization,2026-10-01 06:51:38,Không có,CHAMCONG_Door1_Entrance Card Reader1,-,Nh?t ký qu?t th?,-,-,-
'25,HOANG THI TAN,New Organization,2026-10-01 06:51:39,Không có,CHAMCONG_Door1_Entrance Card Reader1,-,Nh?t ký qu?t th?,-,-,-
'25,HOANG THI TAN,New Organization,2026-10-01 06:51:40,Không có,CHAMCONG_Door1_Entrance Card Reader1,-,Nh?t ký qu?t th?,-,-,-
'25,HOANG THI TAN,New Organization,2026-10-01 06:51:41,Không có,CHAMCONG_Door1_Entrance Card Reader1,-,Nh?t ký qu?t th?,-,-,-
'26,LE DINH THANH,New Organization,2026-10-01 06:49:36,Không có,CHAMCONG_Door1_Entrance Card Reader1,-,Nh?t ký qu?t th?,-,-,-
'26,LE DINH THANH,New Organization,2026-10-01 06:49:37,Không có,CHAMCONG_Door1_Entrance Card Reader1,-,Nh?t ký qu?t th?,-,-,-
'26,LE DINH THANH,New Organization,2026-10-01 06:49:38,Không có,CHAMCONG_Door1_Entrance Card Reader1,-,Nh?t ký qu?t th?,-,-,-
'29,PHAM THI LE HOA,New Organization,2026-10-01 06:47:40,Không có,CHAMCONG_Door1_Entrance Card Reader1,-,Nh?t ký qu?t th?,-,-,-
'29,PHAM THI LE HOA,New Organization,2026-10-01 06:47:42,Không có,CHAMCONG_Door1_Entrance Card Reader1,-,Nh?t ký qu?t th?,-,-,-
'29,PHAM THI LE HOA,New Organization,2026-10-01 06:47:43,Không có,CHAMCONG_Door1_Entrance Card Reader1,-,Nh?t ký qu?t th?,-,-,-
'30,NGUYEN THI XIEU,New Organization,2026-10-01 05:56:41,Không có,CHAMCONG_Door1_Entrance Card Reader1,-,Nh?t ký qu?t th?,-,-,-
'30,NGUYEN THI XIEU,New Organization,2026-10-01 05:56:42,Không có,CHAMCONG_Door1_Entrance Card Reader1,-,Nh?t ký qu?t th?,-,-,-
'30,NGUYEN THI XIEU,New Organization,2026-10-01 05:56:43,Không có,CHAMCONG_Door1_Entrance Card Reader1,-,Nh?t ký qu?t th?,-,-,-
'31,LUU THI TUYET DIEM,New Organization,2026-10-01 05:44:20,Không có,CHAMCONG_Door1_Entrance Card Reader1,-,Nh?t ký qu?t th?,-,-,-
'31,LUU THI TUYET DIEM,New Organization,2026-10-01 05:44:21,Không có,CHAMCONG_Door1_Entrance Card Reader1,-,Nh?t ký qu?t th?,-,-,-
'31,LUU THI TUYET DIEM,New Organization,2026-10-01 05:44:23,Không có,CHAMCONG_Door1_Entrance Card Reader1,-,Nh?t ký qu?t th?,-,-,-
'32,NGUYEN THI NGHIA,New Organization,2026-10-01 05:58:51,Không có,CHAMCONG_Door1_Entrance Card Reader1,-,Nh?t ký qu?t th?,-,-,-
'32,NGUYEN THI NGHIA,New Organization,2026-10-01 05:58:53,Không có,CHAMCONG_Door1_Entrance Card Reader1,-,Nh?t ký qu?t th?,-,-,-
'32,NGUYEN THI NGHIA,New Organization,2026-10-01 05:58:54,Không có,CHAMCONG_Door1_Entrance Card Reader1,-,Nh?t ký qu?t th?,-,-,-
'33,NGUYEN VAN XUAN,New Organization,2026-10-01 06:53:37,Không có,CHAMCONG_Door1_Entrance Card Reader1,-,Nh?t ký qu?t th?,-,-,-
'36,NGO THUY KIEU THANH UYEN,New Organization,2026-10-01 05:56:51,Không có,CHAMCONG_Door1_Entrance Card Reader1,-,Nh?t ký qu?t th?,-,-,-
'36,NGO THUY KIEU THANH UYEN,New Organization,2026-10-01 05:56:53,Không có,CHAMCONG_Door1_Entrance Card Reader1,-,Nh?t ký qu?t th?,-,-,-
'36,NGO THUY KIEU THANH UYEN,New Organization,2026-10-01 05:56:54,Không có,CHAMCONG_Door1_Entrance Card Reader1,-,Nh?t ký qu?t th?,-,-,-
'36,NGO THUY KIEU THANH UYEN,New Organization,2026-10-01 05:56:55,Không có,CHAMCONG_Door1_Entrance Card Reader1,-,Nh?t ký qu?t th?,-,-,-
'38,DUONG THANH LONG,New Organization,2026-10-01 05:49:19,Không có,CHAMCONG_Door1_Entrance Card Reader1,-,Nh?t ký qu?t th?,-,-,-
'38,DUONG THANH LONG,New Organization,2026-10-01 05:49:20,Không có,CHAMCONG_Door1_Entrance Card Reader1,-,Nh?t ký qu?t th?,-,-,-
'38,DUONG THANH LONG,New Organization,2026-10-01 05:49:21,Không có,CHAMCONG_Door1_Entrance Card Reader1,-,Nh?t ký qu?t th?,-,-,-
'42,DANG QUOC TOAN,New Organization,2026-10-01 07:04:02,Không có,CHAMCONG_Door1_Entrance Card Reader1,-,Nh?t ký qu?t th?,-,-,-
'42,DANG QUOC TOAN,New Organization,2026-10-01 07:04:03,Không có,CHAMCONG_Door1_Entrance Card Reader1,-,Nh?t ký qu?t th?,-,-,-
'48,PHAN MINH HUNG,New Organization,2026-10-01 06:53:40,Không có,CHAMCONG_Door1_Entrance Card Reader1,-,Nh?t ký qu?t th?,-,-,-
'48,PHAN MINH HUNG,New Organization,2026-10-01 06:53:42,Không có,CHAMCONG_Door1_Entrance Card Reader1,-,Nh?t ký qu?t th?,-,-,-
'48,PHAN MINH HUNG,New Organization,2026-10-01 06:53:43,Không có,CHAMCONG_Door1_Entrance Card Reader1,-,Nh?t ký qu?t th?,-,-,-
